ref,name,theme,category,class,confidence,capex_central_£,capex_low_£,capex_high_£,annual_elec_kWh,annual_gas_kWh,annual_£_saving,EUI_Δ_kWh_m2,lifetime_tCO2e,£_per_tCO2e,simple_payback_yr,flags,basis
3.3,Setpoint optimisation (heating/cooling dead-band),Heating & cooling,Controls,A,H,0,0,500,13084,0,3664,-3.1,8.4,0,0.0,EP-validated ✓ ,"Heating 21→20, cooling 24→25 (doc example). Widened dead-band within comfort agreement."
1.1,Reduce DHW demand (low-flow fittings),Hot water,Systems (water),A,M,8280,5520,13800,8011,30627,4387,-9.2,89.7,92,1.9,EP-validated ✓ ,DHW demand −19.5%: shower fraction 65% (mid 60–70%) × low-flow volume reduction 30% (aerator/regulator standard). Within the doc's −10..−25% band.
1.4,Larger ASHP — full DHW off gas,Hot water,Systems,A,M,105000,80000,140000,-47562,157428,-2297,-26,399.3,263,,EP-validated ✓ ,"Gas DHW off (share 0), ASHP serves 100% at high-temp SCOP 2.9 (mid 2.8–3.0). The principal carbon measure (gas→electric)."
1.2,Waste-water heat recovery (WWHR),Hot water,Systems,B,L,22000,15000,35000,7412,28337,4059,-8.5,83.0,265,5.4,EP-validated ✓ allowance-only,Design note: DHW demand scalar 0.82 (shower 65% × HX effectiveness 45% × config factor 0.6 ≈ −18%). Modelled as demand-litres ×0.82 (55→45.1). SAME PATH as 1.1 — see cumulative caveat.
2.2,Reduce fan duty,Ventilation,Systems/controls,A,M,2600,1500,5000,15101,0,4228,-3.6,9.7,268,0.6,EP-validated ✓ ,"Bedroom extract flow 2208→1590 (−28%, per doc's 2292→1656 case). Fan power falls with the cube law → SFP scaled by (flow ratio)² (0.9→0.47) so fan energy ∝ flow³."
4.2,Automatic room shut-off (keycard/occupancy master switch),Room loads,Occupancy,A,M,19320,11000,28000,45631,0,12777,-10.8,29.4,657,1.5,EP-validated ✓ ,Room plug load −25% (mid of doc's −20..−30% when unoccupied). Equipment baseload 5.04→3.78 W/m² (net occupancy-weighted).
1.3,Exhaust air over ASHP (COP uplift),Hot water,Systems,B,L,4550,3050,8550,4844,0,1356,-1.1,3.4,1338,3.4,EP-validated ✓ allowance-only,"Design note: preheat-stage COP +0.4 absolute (3.0→3.4), applies to the ASHP preheat share of DHW (dhw[1], 48%). SAME PATH as 1.4 — see cumulative caveat."
3.1,"VRF metering, commissioning & diagnostic health check",Heating & cooling,Systems/controls,B,M,8100,5000,12000,7233,0,2025,-1.7,4.7,1723,4.0,EP-validated ✓ ,"Design note sensitivity band: none / central +0.4 / strong (managed 3.9). CENTRAL (+0.4 on in-service VRF heating SCOP + cooling EER, 3.0→3.4) is the stack member; none/strong stored as sensitivity. SAME PATH as 3.2 — 3.2 composes on the post-3.1 state."
1.5,Interlinked heat recovery — VRF→DHW,Hot water,Systems,C,L,25000,15000,35000,20622,0,5774,-4.89,14.4,1736,4.3,allowance-only off-model,"Off-model (Class C): monthly-coincidence calc, 55% capture. Neither engine models inter-plant heat flows."
7.1,Solar PV,Carbon,Other,C,H,55000,35000,55000,40375,0,11305,0.0,30.8,1786,4.9,off-model,"Off-model (Class C): 50 kWp × 950 kWh/kWp = 47.5 MWh/yr, 85% self-consumption; EUI UNCHANGED by construction (CRREM gross-demand rule). Carbon valued on the declining grid pathway."
3.4,Fabric — glazing G-value (solar film),Heating & cooling,Fabric,A,M,8685,5000,14000,4434,0,1242,-1,3.4,2554,7.0,EP-validated ✓ ,"Glazing g 0.55→0.42 (nearest library construction double_low_e; u unchanged at 1.4 — film reduces g, not u; doc target g 0.40). Expected marginal/counterproductive here (cuts useful winter heat, raises cooling). Film life ~10–15y in reality but note maps fabric→30y."
3.2,VRF replacement (current-gen R-32 heat recovery),Heating & cooling,Systems,B,M,375000,280000,480000,12295,0,3443,-2.9,79.8,4699,108.9,EP-validated ✓ ,"Heating/cooling consumption −20% (spec 15–25%), via rated-SCOP substitution derated to in-service: eff 3.0→3.75 (=3.0/0.8). CUMULATIVE: computed against the post-3.1 state (3.4→4.25) per the note's double-count guard. Plus Class C refrigerant carbon ≈4.7 tCO₂e/yr (offmodel)."
5.2,Communal lighting + controls,Communal,Lighting,A,M,20100,12000,30000,5695,0,1595,-1.3,4.0,5025,12.6,EP-validated ✓ ,Whole-building lighting magnitude −15% (2.0→1.7 W/m²) representing communal LED + PIR occupancy sensing on the communal fraction. [15% is a stated assumption — communal share × PIR saving.]
3.5,Brise soleil (external solar shading),Heating & cooling,Fabric,A,M,23100,17000,34000,530,0,148,-0.1,0.4,57750,156.1,EP-validated ✓ ,"0.5 m horizontal overhang on the SW/S/W-facing glazing → modelled as south + west facades of the 4-orientation box (North_Axis 42). Seasonally selective (cuts summer sun, admits winter)."
2.1,MVHR replacing central electric heating + bathroom extract,Ventilation,Systems,A,L,99000,70000,140000,-19784,0,-5540,4.7,-13.8,,,EP-validated ✓ allowance-only,"Bedroom extract → balanced MVHR 80% HR, SFP 1.8 (mid 1.5–2.0). Electric panel heating (heating[1], 5%) removed → VRF 100%. Note: net effect may be adverse (summer) — modelling decides."
2.3,Heat-recovery bypass setpoint,Ventilation,Controls,A,H,0,0,500,,,,,,,,off-model no-model,NO clean static-engine representation — seasonal HRV bypass is a control the static engine does not expose (no seasonal-recovery field). Modelled effect ≈ 0; a near-free control with a small summer cooling benefit not captured. Cost within 6.1.
4.1,Room load monitoring (sample sub-metering),Room loads,Occupancy (enabling),D,M,4500,3000,8000,,,,,,,,enabling,Enabling: no demand change; converts assumed room load into data. Sizes 4.2.
4.3,Equipment efficiency at replacement,Room loads,Other,D,H,0,0,0,,,,,,,,enabling,£0 capex by definition (efficient spec at natural replacement). No energy claim modelled.
5.1,Kitchen/catering review + circuit metering,Communal,Other (enabling),D,M,2300,1500,4000,,,,,,,,enabling,Enabling: quantum unknown by design; no modelled demand change.
5.3,Building sub-metering package (plant + water),Communal,Other (enabling),D,M,13300,9000,20000,,,,,,,,enabling,THE enabling measure: no demand change; resolves the report's largest unknown. First action overall.
5.4,Communal ventilation run-hours,Communal,Controls,D,H,0,0,500,,,,,,,,enabling,Within the 6.1 controls visit. Align HRV schedules to space use; small saving not separately modelled (within 6.1 / not a headline claim).
6.1,BMS setpoint realignment + schedules (consolidated controls visit),Controls & BMS,Controls,D,H,3000,2000,6000,,,,,,,,enabling,"Cost-carrier for the settings measures (3.3, 5.4, 2.3). Their energy savings are claimed under those refs; 6.1 carries the £3,000 visit so the settings measures read £0 capex (avoids double-count)."
